{
  "optical_power_W": 0.01,
  "drift_profile": "triangle",
  "adc_mask_bits": 8,
  "target_iv_raw": 17472,
  "target_iv_snapped": 17408,
  "target_iv": 17408,
  "dead_zone_half": 2,
  "drop_ref_A": 0.00014914707249240664,
  "ss_acq_adc_mean": 17408.0,
  "ss_acq_in_dz_frac": 1.0,
  "drop_loss_rms_pct": 0.7788394886246989,
  "drop_loss_abs_max_pct": 1.2526733836756418,
  "drop_loss_rms_pct_last20": 1.0485418383400587,
  "drop_retention_pct_last20": 101.0415436874558,
  "in_dz_frac": 0.8424395297509121,
  "in_dz_frac_last20pct": 0.8774774774774775,
  "err_abs_max_codes": 256.0,
  "err_rms_codes": 101.61635192351781,
  "err_rms_codes_last20pct": 89.60823642967222,
  "v_heater_drift_mV": -0.4028320312500222,
  "v_heater_max_V": 0.7121520996093751,
  "heater_saturated": false,
  "triangle_peak_C": 80.0,
  "triangle_rate_K_per_s": 100.0,
  "triangle_settle_ms": 10.0,
  "triangle_t_up_ms": 550.0,
  "triangle_t_down_ms": 550.0,
  "triangle_t_settle_ms_actual": 10.0,
  "triangle_total_ms": 1110.0,
  "drop_loss_rms_pct_ramp_up": 0.182325985716035,
  "drop_loss_max_pct_ramp_up": 0.32164536912434105,
  "drop_loss_min_pct_ramp_up": -0.11452369017178651,
  "in_dz_frac_ramp_up": 0.8409235524043269,
  "err_rms_codes_ramp_up": 102.10403552078651,
  "drop_loss_rms_pct_ramp_down": 1.08521345072723,
  "drop_loss_max_pct_ramp_down": 1.2526733836756418,
  "drop_loss_min_pct_ramp_down": -1.2526733836756418,
  "in_dz_frac_ramp_down": 0.8410764614964997,
  "err_rms_codes_ramp_down": 102.05495097919257,
  "drop_loss_rms_pct_settle": 0.8575944586559064,
  "drop_loss_max_pct_settle": 0.8575944586559064,
  "drop_loss_min_pct_settle": -0.8575944586559064,
  "in_dz_frac_settle": 1.0,
  "err_rms_codes_settle": 0.0,
  "apex_drop_loss_rms_pct": 0.8090726257126731,
  "apex_drop_loss_max_pct": 1.2526733836756418,
  "apex_drop_retention_pct": 100.45485471855307,
  "apex_in_dz_frac": 0.7718181818181818,
  "apex_err_rms_codes": 122.28705424681566,
  "roundtrip_residual_pct": -0.8575944586559067,
  "roundtrip_residual_rms_pct": 0.8575944586559064,
  "roundtrip_in_dz_frac": 1.0,
  "frozen_err_abs_max_codes": 17152.0,
  "frozen_err_rms_codes": 15393.900664215846,
  "frozen_drop_loss_rms_pct": 87.79512162795345,
  "frozen_drop_loss_abs_max_pct": 98.17598792770194
}