{
  "optical_power_W": 0.01,
  "drift_profile": "triangle",
  "adc_mask_bits": 9,
  "target_iv_raw": 17280,
  "target_iv_snapped": 16896,
  "target_iv": 16896,
  "dead_zone_half": 2,
  "drop_ref_A": 0.00014469133018948653,
  "ss_acq_adc_mean": 16896.0,
  "ss_acq_in_dz_frac": 1.0,
  "drop_loss_rms_pct": 1.9055706886622128,
  "drop_loss_abs_max_pct": 2.8590924120747117,
  "drop_loss_rms_pct_last20": 2.652913930101992,
  "drop_retention_pct_last20": 102.65031173456879,
  "in_dz_frac": 0.8431602180081978,
  "in_dz_frac_last20pct": 0.8777027027027027,
  "err_abs_max_codes": 512.0,
  "err_rms_codes": 202.7673736340711,
  "err_rms_codes_last20pct": 179.05167606784,
  "v_heater_drift_mV": -1.2084960937500666,
  "v_heater_max_V": 0.7135620117187501,
  "heater_saturated": false,
  "triangle_peak_C": 80.0,
  "triangle_rate_K_per_s": 100.0,
  "triangle_settle_ms": 10.0,
  "triangle_t_up_ms": 550.0,
  "triangle_t_down_ms": 550.0,
  "triangle_t_settle_ms_actual": 10.0,
  "triangle_total_ms": 1110.0,
  "drop_loss_rms_pct_ramp_up": 0.14591179447795116,
  "drop_loss_max_pct_ramp_up": 0.27620626063574427,
  "drop_loss_min_pct_ramp_up": -0.17088170784005993,
  "in_dz_frac_ramp_up": 0.841468957367512,
  "err_rms_codes_ramp_up": 203.8576994863106,
  "drop_loss_rms_pct_ramp_down": 2.679463771722253,
  "drop_loss_max_pct_ramp_down": 2.8590924120747117,
  "drop_loss_min_pct_ramp_down": -2.8590924120747117,
  "in_dz_frac_ramp_down": 0.8419856350577325,
  "err_rms_codes_ramp_down": 203.52522615986885,
  "drop_loss_rms_pct_settle": 2.6527388840809976,
  "drop_loss_max_pct_settle": 2.652738884080997,
  "drop_loss_min_pct_settle": -2.652738884080997,
  "in_dz_frac_settle": 1.0,
  "err_rms_codes_settle": 0.0,
  "apex_drop_loss_rms_pct": 1.8839766251295864,
  "apex_drop_loss_max_pct": 2.8590924120747117,
  "apex_drop_retention_pct": 101.23255111542004,
  "apex_in_dz_frac": 0.7781818181818182,
  "apex_err_rms_codes": 241.1395974421154,
  "roundtrip_residual_pct": -2.6527388840809967,
  "roundtrip_residual_rms_pct": 2.6527388840809976,
  "roundtrip_in_dz_frac": 1.0,
  "frozen_err_abs_max_codes": 16896.0,
  "frozen_err_rms_codes": 15119.670041292584,
  "frozen_drop_loss_rms_pct": 87.82856163535159,
  "frozen_drop_loss_abs_max_pct": 98.11981781935502
}