{
  "optical_power_W": 0.01,
  "drift_profile": "triangle",
  "adc_mask_bits": 7,
  "target_iv_raw": 17472,
  "target_iv_snapped": 17408,
  "target_iv": 17408,
  "dead_zone_half": 2,
  "drop_ref_A": 0.00014914707249240664,
  "ss_acq_adc_mean": 17408.0,
  "ss_acq_in_dz_frac": 1.0,
  "drop_loss_rms_pct": 0.2892041367322258,
  "drop_loss_abs_max_pct": 0.5198763145143787,
  "drop_loss_rms_pct_last20": 0.34334042404433057,
  "drop_retention_pct_last20": 100.32286514854918,
  "in_dz_frac": 0.8423944867348317,
  "in_dz_frac_last20pct": 0.8777027027027027,
  "err_abs_max_codes": 128.0,
  "err_rms_codes": 50.81543790361858,
  "err_rms_codes_last20pct": 44.76291901696,
  "v_heater_drift_mV": -0.2014160156250666,
  "v_heater_max_V": 0.7121520996093751,
  "heater_saturated": false,
  "triangle_peak_C": 80.0,
  "triangle_rate_K_per_s": 100.0,
  "triangle_settle_ms": 10.0,
  "triangle_t_up_ms": 550.0,
  "triangle_t_down_ms": 550.0,
  "triangle_t_settle_ms_actual": 10.0,
  "triangle_total_ms": 1110.0,
  "drop_loss_rms_pct_ramp_up": 0.182325985716035,
  "drop_loss_max_pct_ramp_up": 0.32164536912434105,
  "drop_loss_min_pct_ramp_up": -0.11452369017178651,
  "in_dz_frac_ramp_up": 0.8409235524043269,
  "err_rms_codes_ramp_up": 51.052017760393255,
  "drop_loss_rms_pct_ramp_down": 0.3633665813419005,
  "drop_loss_max_pct_ramp_down": 0.5198763145143787,
  "drop_loss_min_pct_ramp_down": -0.5198763145143787,
  "in_dz_frac_ramp_down": 0.8409855441403764,
  "err_rms_codes_ramp_down": 51.042069362478564,
  "drop_loss_rms_pct_settle": 0.43998272811939104,
  "drop_loss_max_pct_settle": 0.43998272811939104,
  "drop_loss_min_pct_settle": -0.43998272811939104,
  "in_dz_frac_settle": 1.0,
  "err_rms_codes_settle": 0.0,
  "apex_drop_loss_rms_pct": 0.3260866072520865,
  "apex_drop_loss_max_pct": 0.5198763145143787,
  "apex_drop_retention_pct": 100.09797709519907,
  "apex_in_dz_frac": 0.769090909090909,
  "apex_err_rms_codes": 61.5078413330735,
  "roundtrip_residual_pct": -0.43998272811939104,
  "roundtrip_residual_rms_pct": 0.43998272811939104,
  "roundtrip_in_dz_frac": 1.0,
  "frozen_err_abs_max_codes": 17152.0,
  "frozen_err_rms_codes": 15343.636873655725,
  "frozen_drop_loss_rms_pct": 87.79512141613124,
  "frozen_drop_loss_abs_max_pct": 98.1759879276899
}