{
  "optical_power_W": 0.01,
  "drift_profile": "monotonic",
  "drift_rate_K_per_s": 50.0,
  "kstep": 7,
  "adaptive_kstep": false,
  "goertzel_total": 68,
  "settling_us": 100.0,
  "dither_amp_v": 0.048,
  "adc_mask_bits": 6,
  "window_time_us": 134.0,
  "hot_peak_V": 0.7150000000000369,
  "n_drift_windows": 11941,
  "ss_acq_drop_ref_A": 0.00012791112750257962,
  "ss_acq_v_dev_mV": 8.194173177046482,
  "in_lock_frac": 0.019680093794489574,
  "in_lock_frac_last20": 0.0,
  "v_dev_rms_mV": 309.35218607517265,
  "v_dev_rms_mV_last20": 527.972139752898,
  "v_dev_abs_max_mV": 565.000000000037,
  "drop_loss_rms_pct": 23.291100479559383,
  "drop_loss_rms_pct_last20": 33.93126368014102,
  "drop_loss_abs_max_pct": 76.48533526899965,
  "energy_loss_pct": -7.678583766016245,
  "v_heater_drift_mV": -539.3920898437501,
  "drift_total_K": 80.0047
}