{
  "optical_power_W": 0.01,
  "drift_profile": "triangle",
  "drift_rate_K_per_s": 100.0,
  "kstep": 7,
  "adaptive_kstep": false,
  "goertzel_total": 68,
  "settling_us": 100.0,
  "dither_amp_v": 0.048,
  "adc_mask_bits": 6,
  "window_time_us": 134.0,
  "hot_peak_V": 0.7150000000000369,
  "n_drift_windows": 4851,
  "ss_acq_drop_ref_A": 0.00012791112749210558,
  "ss_acq_v_dev_mV": 8.194173177046482,
  "in_lock_frac": 0.021232735518449803,
  "in_lock_frac_last20": 0.08041237113402062,
  "v_dev_rms_mV": 305.3945990537462,
  "v_dev_rms_mV_last20": 88.5216593256662,
  "v_dev_abs_max_mV": 563.791503906287,
  "drop_loss_rms_pct": 28.838967422462613,
  "drop_loss_rms_pct_last20": 27.115857018220684,
  "drop_loss_abs_max_pct": 72.12200215627321,
  "energy_loss_pct": -4.903318903318898,
  "v_heater_drift_mV": -12.890625000000044,
  "triangle_peak_C": 105.0,
  "triangle_rate_K_per_s": 250.0,
  "triangle_settle_ms": 10.0,
  "triangle_t_up_ms": 320.0,
  "triangle_t_down_ms": 320.0,
  "triangle_t_settle_ms_actual": 10.0,
  "triangle_total_ms": 650.0,
  "drop_loss_rms_pct_ramp_up": 21.771151884339286,
  "drop_loss_max_pct_ramp_up": 72.12200215627321,
  "drop_loss_min_pct_ramp_up": -41.61245541094531,
  "drop_loss_rms_pct_ramp_down": 34.421946903034375,
  "drop_loss_max_pct_ramp_down": 71.8252634625468,
  "drop_loss_min_pct_ramp_down": -53.5068840047058,
  "drop_loss_rms_pct_settle": 31.342245330480665,
  "drop_loss_max_pct_settle": 34.92392667927899,
  "drop_loss_min_pct_settle": -34.92392667927899,
  "apex_drop_loss_rms_pct": 63.698186347172445,
  "apex_drop_loss_max_pct": 72.12200215627321,
  "roundtrip_residual_pct": -31.109234411737646,
  "roundtrip_residual_rms_pct": 31.342245330480665
}