{
  "optical_power_W": 0.01,
  "drift_profile": "triangle",
  "drift_rate_K_per_s": 100.0,
  "kstep": 7,
  "adaptive_kstep": false,
  "goertzel_total": 68,
  "settling_us": 100.0,
  "dither_amp_v": 0.024,
  "adc_mask_bits": 7,
  "window_time_us": 134.0,
  "hot_peak_V": 0.7150000000000369,
  "n_drift_windows": 4851,
  "ss_acq_drop_ref_A": 0.0001279092277274029,
  "ss_acq_v_dev_mV": 8.194173177046482,
  "in_lock_frac": 0.03896103896103896,
  "in_lock_frac_last20": 0.04742268041237113,
  "v_dev_rms_mV": 171.9815562717428,
  "v_dev_rms_mV_last20": 91.01664868983119,
  "v_dev_abs_max_mV": 247.97119140628686,
  "drop_loss_rms_pct": 65.37699996109026,
  "drop_loss_rms_pct_last20": 37.103518457880696,
  "drop_loss_abs_max_pct": 97.42895244567482,
  "energy_loss_pct": 81.21005978148835,
  "v_heater_drift_mV": -12.890625000000044,
  "triangle_peak_C": 105.0,
  "triangle_rate_K_per_s": 250.0,
  "triangle_settle_ms": 10.0,
  "triangle_t_up_ms": 320.0,
  "triangle_t_down_ms": 320.0,
  "triangle_t_settle_ms_actual": 10.0,
  "triangle_total_ms": 650.0,
  "drop_loss_rms_pct_ramp_up": 62.294197525594534,
  "drop_loss_max_pct_ramp_up": 97.42865499381561,
  "drop_loss_min_pct_ramp_up": -27.401746547297453,
  "drop_loss_rms_pct_ramp_down": 69.0644884184416,
  "drop_loss_max_pct_ramp_down": 97.42895244567482,
  "drop_loss_min_pct_ramp_down": -57.75589222944787,
  "drop_loss_rms_pct_settle": 31.345412023169548,
  "drop_loss_max_pct_settle": 34.92754886582966,
  "drop_loss_min_pct_settle": -34.92754886582966,
  "apex_drop_loss_rms_pct": 97.23910412525942,
  "apex_drop_loss_max_pct": 97.42895244567482,
  "roundtrip_residual_pct": -31.112364475583004,
  "roundtrip_residual_rms_pct": 31.345412023169548
}