{
  "optical_power_W": 0.01,
  "drift_profile": "triangle",
  "drift_rate_K_per_s": 100.0,
  "kstep": 7,
  "adaptive_kstep": false,
  "goertzel_total": 68,
  "settling_us": 100.0,
  "dither_amp_v": 0.048,
  "adc_mask_bits": 7,
  "window_time_us": 134.0,
  "hot_peak_V": 0.7150000000000369,
  "n_drift_windows": 4851,
  "ss_acq_drop_ref_A": 0.00011838805027726879,
  "ss_acq_v_dev_mV": 11.488444010379771,
  "in_lock_frac": 0.007215007215007215,
  "in_lock_frac_last20": 0.0,
  "v_dev_rms_mV": 309.9047236141836,
  "v_dev_rms_mV_last20": 142.5208351638808,
  "v_dev_abs_max_mV": 531.564941406287,
  "drop_loss_rms_pct": 59.93302516447217,
  "drop_loss_rms_pct_last20": 86.31218325248079,
  "drop_loss_abs_max_pct": 88.81873011080633,
  "energy_loss_pct": 18.167092239357864,
  "v_heater_drift_mV": -58.00781249999998,
  "triangle_peak_C": 105.0,
  "triangle_rate_K_per_s": 250.0,
  "triangle_settle_ms": 10.0,
  "triangle_t_up_ms": 320.0,
  "triangle_t_down_ms": 320.0,
  "triangle_t_settle_ms_actual": 10.0,
  "triangle_total_ms": 650.0,
  "drop_loss_rms_pct_ramp_up": 31.40371649509563,
  "drop_loss_max_pct_ramp_up": 83.95841548710528,
  "drop_loss_min_pct_ramp_up": -54.470455366329986,
  "drop_loss_rms_pct_ramp_down": 78.06815311131669,
  "drop_loss_max_pct_ramp_down": 88.81873011080633,
  "drop_loss_min_pct_ramp_down": -78.87589496578059,
  "drop_loss_rms_pct_settle": 83.39310025553124,
  "drop_loss_max_pct_settle": 84.2310032774308,
  "drop_loss_min_pct_settle": 82.54669238412582,
  "apex_drop_loss_rms_pct": 77.31049898570522,
  "apex_drop_loss_max_pct": 83.96739474500376,
  "roundtrip_residual_pct": 83.38884784246335,
  "roundtrip_residual_rms_pct": 83.39310025553124
}