{
  "optical_power_W": 0.01,
  "drift_profile": "triangle",
  "drift_rate_K_per_s": 100.0,
  "kstep": 6,
  "adaptive_kstep": false,
  "goertzel_total": 68,
  "settling_us": 100.0,
  "dither_amp_v": 0.048,
  "adc_mask_bits": 6,
  "window_time_us": 134.0,
  "hot_peak_V": 0.7150000000000369,
  "n_drift_windows": 8284,
  "ss_acq_drop_ref_A": 0.00012062175470471342,
  "ss_acq_v_dev_mV": 10.629069010379782,
  "in_lock_frac": 0.014123611781747947,
  "in_lock_frac_last20": 0.026570048309178744,
  "v_dev_rms_mV": 182.3984797483337,
  "v_dev_rms_mV_last20": 64.9321366308161,
  "v_dev_abs_max_mV": 344.65087890628695,
  "drop_loss_rms_pct": 31.955993872746376,
  "drop_loss_rms_pct_last20": 40.230272237118776,
  "drop_loss_abs_max_pct": 55.375728715729444,
  "energy_loss_pct": -13.32091324390392,
  "v_heater_drift_mV": -17.72460937499998,
  "triangle_peak_C": 80.0,
  "triangle_rate_K_per_s": 100.0,
  "triangle_settle_ms": 10.0,
  "triangle_t_up_ms": 550.0,
  "triangle_t_down_ms": 550.0,
  "triangle_t_settle_ms_actual": 10.0,
  "triangle_total_ms": 1110.0,
  "drop_loss_rms_pct_ramp_up": 20.29407737444194,
  "drop_loss_max_pct_ramp_up": 48.10904644418982,
  "drop_loss_min_pct_ramp_up": -48.10904644418982,
  "drop_loss_rms_pct_ramp_down": 40.22822981344266,
  "drop_loss_max_pct_ramp_down": 55.375728715729444,
  "drop_loss_min_pct_ramp_down": -55.375728715729444,
  "drop_loss_rms_pct_settle": 41.20070441757826,
  "drop_loss_max_pct_settle": 47.036922382341224,
  "drop_loss_min_pct_settle": -47.036922382341224,
  "apex_drop_loss_rms_pct": 15.577427403734015,
  "apex_drop_loss_max_pct": 33.252166699781085,
  "roundtrip_residual_pct": -41.14657241968287,
  "roundtrip_residual_rms_pct": 41.20070441757826
}