{
  "optical_power_W": 0.01,
  "drift_profile": "triangle",
  "drift_rate_K_per_s": 100.0,
  "kstep": 6,
  "adaptive_kstep": false,
  "goertzel_total": 68,
  "settling_us": 100.0,
  "dither_amp_v": 0.048,
  "adc_mask_bits": 6,
  "window_time_us": 134.0,
  "hot_peak_V": 0.7150000000000369,
  "n_drift_windows": 16493,
  "ss_acq_drop_ref_A": 0.00012062175470471342,
  "ss_acq_v_dev_mV": 10.629069010379782,
  "in_lock_frac": 0.0177651124719578,
  "in_lock_frac_last20": 0.05033353547604609,
  "v_dev_rms_mV": 181.95013555165215,
  "v_dev_rms_mV_last20": 62.464840129131574,
  "v_dev_abs_max_mV": 357.5415039062869,
  "drop_loss_rms_pct": 29.174613337665768,
  "drop_loss_rms_pct_last20": 30.75741290746284,
  "drop_loss_abs_max_pct": 55.30790805359924,
  "energy_loss_pct": -12.333596071060459,
  "v_heater_drift_mV": -12.890624999999932,
  "triangle_peak_C": 80.0,
  "triangle_rate_K_per_s": 50.0,
  "triangle_settle_ms": 10.0,
  "triangle_t_up_ms": 1100.0,
  "triangle_t_down_ms": 1100.0,
  "triangle_t_settle_ms_actual": 10.0,
  "triangle_total_ms": 2210.0,
  "drop_loss_rms_pct_ramp_up": 26.18075224551403,
  "drop_loss_max_pct_ramp_up": 53.939390929786406,
  "drop_loss_min_pct_ramp_up": -53.939390929786406,
  "drop_loss_rms_pct_ramp_down": 31.854286753679848,
  "drop_loss_max_pct_ramp_down": 55.30790805359924,
  "drop_loss_min_pct_ramp_down": -55.30790805359924,
  "drop_loss_rms_pct_settle": 33.02611834717936,
  "drop_loss_max_pct_settle": 34.98714627677309,
  "drop_loss_min_pct_settle": -34.98714627677309,
  "apex_drop_loss_rms_pct": 23.20279647744064,
  "apex_drop_loss_max_pct": 42.34002351804413,
  "roundtrip_residual_pct": -32.962307425416185,
  "roundtrip_residual_rms_pct": 33.02611834717936
}