{
  "optical_power_W": 0.01,
  "drift_profile": "triangle",
  "drift_rate_K_per_s": 100.0,
  "kstep": 7,
  "adaptive_kstep": false,
  "goertzel_total": 68,
  "settling_us": 100.0,
  "dither_amp_v": 0.024,
  "adc_mask_bits": 6,
  "window_time_us": 134.0,
  "hot_peak_V": 0.7150000000000369,
  "n_drift_windows": 4851,
  "ss_acq_drop_ref_A": 0.00012790922771445263,
  "ss_acq_v_dev_mV": 8.194173177046482,
  "in_lock_frac": 0.03277674706246135,
  "in_lock_frac_last20": 0.09896907216494845,
  "v_dev_rms_mV": 297.1971825771,
  "v_dev_rms_mV_last20": 87.42805710279728,
  "v_dev_abs_max_mV": 538.010253906287,
  "drop_loss_rms_pct": 34.379287813361024,
  "drop_loss_rms_pct_last20": 26.247855405314414,
  "drop_loss_abs_max_pct": 77.4734616680991,
  "energy_loss_pct": 37.601639982592374,
  "v_heater_drift_mV": -12.890625000000044,
  "triangle_peak_C": 105.0,
  "triangle_rate_K_per_s": 250.0,
  "triangle_settle_ms": 10.0,
  "triangle_t_up_ms": 320.0,
  "triangle_t_down_ms": 320.0,
  "triangle_t_settle_ms_actual": 10.0,
  "triangle_total_ms": 650.0,
  "drop_loss_rms_pct_ramp_up": 27.894125552244837,
  "drop_loss_max_pct_ramp_up": 77.31654919576327,
  "drop_loss_min_pct_ramp_up": -43.44580561858365,
  "drop_loss_rms_pct_ramp_down": 39.980700291302774,
  "drop_loss_max_pct_ramp_down": 77.4734616680991,
  "drop_loss_min_pct_ramp_down": -62.6919175290616,
  "drop_loss_rms_pct_settle": 27.903411675620635,
  "drop_loss_max_pct_settle": 34.92754892256514,
  "drop_loss_min_pct_settle": -34.92754892256514,
  "apex_drop_loss_rms_pct": 71.87249333413797,
  "apex_drop_loss_max_pct": 77.4734616680991,
  "roundtrip_residual_pct": -27.36773603311077,
  "roundtrip_residual_rms_pct": 27.903411675620635
}