{
  "optical_power_W": 0.01,
  "drift_profile": "triangle",
  "drift_rate_K_per_s": 100.0,
  "kstep": 7,
  "adaptive_kstep": false,
  "goertzel_total": 68,
  "settling_us": 100.0,
  "dither_amp_v": 0.048,
  "adc_mask_bits": 6,
  "window_time_us": 134.0,
  "hot_peak_V": 0.7150000000000369,
  "n_drift_windows": 8284,
  "ss_acq_drop_ref_A": 0.000127911127496165,
  "ss_acq_v_dev_mV": 8.194173177046482,
  "in_lock_frac": 0.02281506518590053,
  "in_lock_frac_last20": 0.07548309178743962,
  "v_dev_rms_mV": 181.89936482010944,
  "v_dev_rms_mV_last20": 60.97284852454422,
  "v_dev_abs_max_mV": 344.65087890628695,
  "drop_loss_rms_pct": 21.563031694999232,
  "drop_loss_rms_pct_last20": 24.35331135006897,
  "drop_loss_abs_max_pct": 47.72159600829152,
  "energy_loss_pct": -17.73104780299373,
  "v_heater_drift_mV": -9.667968749999979,
  "triangle_peak_C": 80.0,
  "triangle_rate_K_per_s": 100.0,
  "triangle_settle_ms": 10.0,
  "triangle_t_up_ms": 550.0,
  "triangle_t_down_ms": 550.0,
  "triangle_t_settle_ms_actual": 10.0,
  "triangle_total_ms": 1110.0,
  "drop_loss_rms_pct_ramp_up": 17.59399824436361,
  "drop_loss_max_pct_ramp_up": 41.58632233837335,
  "drop_loss_min_pct_ramp_up": -41.58632233837335,
  "drop_loss_rms_pct_ramp_down": 24.92771423268189,
  "drop_loss_max_pct_ramp_down": 47.72159600829152,
  "drop_loss_min_pct_ramp_down": -47.72159600829152,
  "drop_loss_rms_pct_settle": 20.29069913136469,
  "drop_loss_max_pct_settle": 27.29452168272419,
  "drop_loss_min_pct_settle": -27.29452168272419,
  "apex_drop_loss_rms_pct": 12.583785240651816,
  "apex_drop_loss_max_pct": 29.18424222114803,
  "roundtrip_residual_pct": -19.518775414933696,
  "roundtrip_residual_rms_pct": 20.29069913136469
}